ecg_mean,ecg_std,ecg_var,ecg_min,ecg_max,ecg_range,ecg_rmssd,ecg_sdnn,ecg_hr_mean,eda_mean,eda_std,eda_min,eda_max,eda_range,eda_slope,eda_num_peaks,eda_peak_rate,eeg_ch0_mean,eeg_ch0_std,eeg_ch0_var,eeg_ch0_fft_mean,eeg_ch0_fft_max,eeg_ch1_mean,eeg_ch1_std,eeg_ch1_var,eeg_ch1_fft_mean,eeg_ch1_fft_max,eeg_ch2_mean,eeg_ch2_std,eeg_ch2_var,eeg_ch2_fft_mean,eeg_ch2_fft_max,eeg_ch3_mean,eeg_ch3_std,eeg_ch3_var,eeg_ch3_fft_mean,eeg_ch3_fft_max,eeg_global_mean,eeg_global_std,eeg_global_var,gaze_feat0_mean,gaze_feat0_std,gaze_feat1_mean,gaze_feat1_std,gaze_feat2_mean,gaze_feat2_std,gaze_feat3_mean,gaze_feat3_std,gaze_feat4_mean,gaze_feat4_std,gaze_feat5_mean,gaze_feat5_std,gaze_feat6_mean,gaze_feat6_std,gaze_feat7_mean,gaze_feat7_std,gaze_feat8_mean,gaze_feat8_std,gaze_feat9_mean,gaze_feat9_std
0.2200968277838195,0.4071333639974424,0.4600890883397152,0.2307248459095824,0.34266098958407754,0.24704232534421436,0.4941844494208219,0.6621089412388494,0.16410255689110406,-0.5186521279814729,1.6505853031256472,-0.061484141961405,0.059328007518796994,0.9816829484902309,10.917105570135911,-0.7880139643134213,-0.24693190323812922,70.50999676427352,-329.25344737742955,-319146.02330862306,-6699.926956417132,-103794.25131409173,0.021658495310376225,-39.178075021959884,-1.3775819778907554,-3.967184655047981,-1.0440437357844474,-3.245089852811627,-11.740687485839931,-2.3279463503005293,-118.30514369570915,243.97589706402505,48.22210046654644,-248.021515792772,-205627.7325039043,-4561.530266635011,-71374.78967903915,34.80754475678906,-254.1435931125476,-154899.99876583475,0.6052645192045886,-1.2789756201882372,0.7002376471585963,-1.3127266957864234,-5668.806876475384,388433.46307607467,-3233.220361315742,573060.2521488055,-5668.806876475384,388433.46307607467,-3233.220361315742,573060.2521488055,0.010827734381201699,0.01349199908804922,-36942.15259278053,554030.8354762243,-6793.870553598401,655570.2601623888,-35508.169128496884,569618.5741271758
0.15716860241585356,0.4005027628425612,0.4517541429035383,0.13322277290148532,0.29038491762991325,0.5244773074961776,0.503842142756753,0.49241151823457807,0.5152502253103871,-0.5837191564696491,-0.021943555298075415,-0.039264625311986365,-0.9849624060150376,-0.02536634103019538,-0.6721341516932884,-0.9435608999224204,-0.4112212641926384,69.89271353387599,-151.78276621656482,-252978.20127717417,-627.8150379603121,-9230.803402920603,-0.06961501571359463,-36.45088483303533,-1.3690564269634644,-3.681916191345428,-1.0773928572026303,-3.0706071713064547,-11.24973789957595,-2.2961145996533343,-116.8671151817299,2180.499334564025,48.20309847200802,-243.39836423319855,-205378.43473954077,-4406.229747978974,-67215.12171028915,34.662175820273575,-166.42048206189895,-138276.97306267705,0.6052645192045886,-1.2789756201882372,0.7002376471585963,-1.3127266957864234,-3102.7419238908074,287544.35031620343,-1178.6111218627889,420734.8490443355,-3102.7419238908074,287544.35031620343,-1178.6111218627889,420734.8490443355,-0.23776410716234278,-0.37289351071124877,-20219.90454886391,410130.716942905,-2476.701877827554,481312.9163614818,-19435.03073186223,421669.80442872626
0.09721529078423866,0.3120093353598127,0.3431829046196701,0.10598898726389679,0.2456493163211361,0.3868689444161158,-1.0880315096963986,-1.4033408788444754,1.4393005314217207,-0.5953854091629239,0.00225018666039904,-0.0555792293175869,-0.9681038533834586,0.005439609236234458,-1.0049559139426554,-0.9647013188518231,-0.6593828390106317,73.15434574313258,-239.768102839209,-293655.88044458244,-5392.226632181884,-95644.44873657665,-0.04352083257127504,-38.18133574950869,-1.374711431646811,-4.056578668876812,-1.1084825530504756,-3.2985243548594907,-10.15123785036269,-2.2191624271236132,-158.7866863963178,2658.526678314025,47.962058571858286,-240.81778479346198,-205220.6903655905,-4531.742573714729,-67272.25061653915,35.3761423884053,-209.77804152048455,-148416.5635953948,0.6052645192045886,-1.2789756201882372,0.7002376471585963,-1.3127266957864234,-5367.171232035578,378022.0190893728,-2459.039931430176,526717.7500170551,-5367.171232035578,378022.0190893728,-2459.039931430176,526717.7500170551,-0.21138779534553886,-0.32031818433024656,-34976.48681330418,539180.7888973103,-5167.153688358047,602555.3252796743,-33618.80484971825,554350.7192865539
0.02980499005469958,0.36083721008873487,0.40247505633706576,0.040409328345376506,0.16735487005100802,0.265578786333505,0.7338856018142663,0.3124963546765593,0.6262405331137934,-0.6022984058155901,-0.022307021737995772,-0.05460522310829732,-0.9922462406015038,-0.018261545293072824,-0.23649059411805812,-0.9568463925523661,-0.5764547212339252,73.26273490079623,-319.1396640825714,-317067.8315026446,-7119.09833372908,-105673.69939946459,-0.37498110043746635,-39.46835084228582,-1.3783648030073452,-3.987808994933654,-1.0458814019149887,-3.2690688364461296,-11.907531528733418,-2.33840395230304,-157.87833903782754,3015.460272064025,47.96889004995816,-243.6315603302918,-205392.0332728764,-4753.050350977301,-68470.98108528915,35.32824777736168,-248.80358627169724,-154328.02448007165,0.6052645192045886,-1.2789756201882372,0.7002376471585963,-1.3127266957864234,-32280.479315884364,922208.3322014421,-42077.7077275577,1699598.5040370068,-32280.479315884364,922208.3322014421,-42077.7077275577,1699598.5040370068,0.8844645353398979,0.7774965338533509,-210362.15388582624,1315364.3910608143,-88414.35627114847,1944308.4447547544,-202196.50398678245,1352372.3621499806
0.18953636185901063,0.38438674418744984,0.4316118468392126,0.18106436069194518,0.31387075111803275,0.3728964813870495,-0.5058155505791782,-0.3529785755801071,0.9314796767434088,-0.5843508223827082,-0.03006835251548382,-0.038716746819260975,-0.978265977443609,-0.019538188277087035,-0.051402648390527585,0.008533747090768037,-0.5268787053900911,0.0,0.0,0.0,0.0,0.0,0.0,0.0,0.0,0.0,0.0,0.0,0.0,0.0,0.0,0.0,0.0,0.0,0.0,0.0,0.0,0.0,0.0,0.0,0.6052645192045886,-1.2789756201882372,0.7002376471585963,-1.3127266957864234,-9639.850854947923,506117.39105056564,-9983.086552573486,869646.6118245055,-9639.850854947923,506117.39105056564,-9983.086552573486,869646.6118245055,0.014491013162413389,0.01801302818098998,-62820.21243473247,721885.7280581688,-20976.767392075242,994859.3753812228,-60381.717002187375,742196.088992905
0.14642558377448703,0.48579592453017606,0.5610983385423413,0.014226376305422046,0.34769035134092513,1.7275369709332036,-0.19996183462295072,-0.3520898471092922,1.2114427405243633,-0.5895931822631053,-0.031952465842206526,-0.04273452243258051,-0.9785596804511278,-0.016152309058614565,-0.07530175363856806,-0.0071761055081458495,-0.5674325897402718,0.0,0.0,0.0,0.0,0.0,0.0,0.0,0.0,0.0,0.0,0.0,0.0,0.0,0.0,0.0,0.0,0.0,0.0,0.0,0.0,0.0,0.0,0.0,0.6052645192045886,-1.2789756201882372,0.7002376471585963,-1.3127266957864234,-10182.847661570397,520065.28341617796,-12203.057839512252,946065.3712097796,-10182.847661570397,520065.28341617796,-12203.057839512252,946065.3712097796,-0.03499690393030829,-0.0450176129740171,-66358.75391952613,741779.8802594945,-25641.396712847938,1082280.9725386293,-63782.90246827741,762649.9661153088
0.09284942911057778,0.5363391706627869,0.6280704334614934,0.024910488083546976,0.23616568317878514,0.8601733809281007,-0.058042710297278984,0.32132791916466913,0.2678794572376908,-0.6041204888625531,-0.02346643877542841,-0.057161989407682474,-0.9795582706766918,-0.003940941385435169,-0.11795101681260424,0.05459658650116369,-0.3595374205005207,0.0,0.0,0.0,0.0,0.0,0.0,0.0,0.0,0.0,0.0,0.0,0.0,0.0,0.0,0.0,0.0,0.0,0.0,0.0,0.0,0.0,0.0,0.0,0.6052645192045886,-1.2789756201882372,0.7002376471585963,-1.3127266957864234,-16897.122995652233,673101.2681984755,-20333.00026236938,1221525.9744462047,-16897.122995652233,673101.2681984755,-20333.00026236938,1221525.9744462047,0.18218563075496658,0.20573385588163065,-110113.6002099834,960058.1042186124,-42724.12567649476,1397402.6269934294,-105839.31127784778,987069.4802607168
0.02287986166736963,0.4133083369785628,0.4678763590029983,-0.0017959701486833753,0.16055737330151892,0.49867414584396,0.012954232762919921,-0.019157812992342888,0.948895490626299,-0.606446173740756,-0.019151905891663327,-0.06111888963292141,-0.9807918233082706,-0.0014986678507992895,0.011135948404951707,0.013576415826221877,-0.5002614281532491,0.0,0.0,0.0,0.0,0.0,0.0,0.0,0.0,0.0,0.0,0.0,0.0,0.0,0.0,0.0,0.0,0.0,0.0,0.0,0.0,0.0,0.0,0.0,0.6052645192045886,-1.2789756201882372,0.7002376471585963,-1.3127266957864234,-6951.151689536907,429935.1700389064,-8908.284560595563,807919.0813511872,-6951.151689536907,429935.1700389064,-8908.284560595563,807919.0813511872,-0.13147124026870274,-0.18301156432627017,-45298.79532711438,613225.533376888,-18718.381026763927,924244.2627312809,-43540.430989906294,630478.7236276558
-9.33051836360752,3.5152264846110706,7.436239727788214,-9.706603438327532,-8.12574475989084,6.10599184089752,-0.002452098399448405,-0.3722994935684925,1.5382747527882665,-0.5368647397444472,0.0,-0.0007913800450477872,-0.9141799812030075,0.006438721136767318,0.4844997473276691,-0.7698797517455391,-0.06497977495660863,90.29785466282755,-392.7149617389709,-327516.9683492209,-7693.32877107074,-125388.54314946459,15.901899488279913,-23.992320726452217,-1.3031926992479077,-2.8076192419001234,-2.00728204493077,16.21743752557327,-1.3554639579199552,-1.3174649237638545,-81.67601460671324,-12924.969415435975,62.344882872063906,-239.12684492183553,-205110.1045534883,-4846.227571930468,-82461.21546028915,0.0,0.0,0.0,0.6230329458029146,-0.2151309351316831,0.7607928880287061,0.7710733143756913,-1.043460878472856,0.17570174650727113,-0.955299281450231,-0.5001098155984743,-1.043460878472856,0.17570174650727113,-0.955299281450231,-0.5001098155984743,-0.07980506141908353,-0.10623987678304604,0.9395708929742369,1.3988581520349177,-0.9641669946451648,0.7684210014362305,0.8519310470647146,1.4194954274424032
-9.425915144367115,3.4861768791559324,7.342680565801515,-9.877648578317672,-8.8193680435497,2.2961499235084157,1.05636381943137,0.4168381974757645,0.42748913307871833,-0.5261283544008454,-0.01817041587783616,0.00803555122663907,-0.9188204887218046,-0.005994671403197158,0.06420748934878749,0.2939294026377037,0.40112476138688735,0.0,0.0,0.0,0.0,0.0,0.0,0.0,0.0,0.0,0.0,0.0,0.0,0.0,0.0,0.0,0.0,0.0,0.0,0.0,0.0,0.0,0.0,0.0,0.34444839901381524,2.7146895349343994,0.6448903887827738,0.5056387640224274,-0.7898415479295744,0.7658003674974024,-0.7072137624180908,0.5893258828903973,-0.7898415479295744,0.7658003674974024,-0.7072137624180908,0.5893258828903973,6.286995356331438,2.872756425187062,-0.0903393332091636,0.6822388598427225,-0.24223554828962438,0.48538313687062007,-0.10965539674157522,0.6735683918065857
-9.436761840932492,8.500817319282302,31.41929447281528,-9.99406565608318,-8.657767649202016,4.226466088730245,0.4629345092553243,-0.10667036074591152,0.6450246225638386,-0.5315710981621029,-0.004514827258575551,0.009496560540573446,-0.9043703007518797,0.006327708703374778,-0.21705271455129063,0.3153607447633825,0.470361256708031,0.0,0.0,0.0,0.0,0.0,0.0,0.0,0.0,0.0,0.0,0.0,0.0,0.0,0.0,0.0,0.0,0.0,0.0,0.0,0.0,0.0,0.0,0.0,0.4473513458304645,2.189852584278988,0.7182013427021275,0.15661077345665453,-0.9013616489179866,0.5055740621315631,-0.7914342001864756,0.4120230596421461,-0.9013616489179866,0.5055740621315631,-0.7914342001864756,0.4120230596421461,4.536682701079738,2.3737696777444492,-0.3672150869299093,0.5717794170819658,-0.2352573815782016,0.668152117783396,-0.3546115918696775,0.5613402346547808
-9.618774846401509,7.300923309918263,24.20713521070185,-10.156983075847258,-8.808391318635783,4.238373278939337,0.49614583737761686,-0.02237902541244763,0.7716279058179756,-0.5368821660414,-0.027416134375619735,0.006574541912704694,-0.9384985902255639,-0.023257104795737123,-0.12891835380886546,0.2772498060512025,0.3420089311124163,0.0,0.0,0.0,0.0,0.0,0.0,0.0,0.0,0.0,0.0,0.0,0.0,0.0,0.0,0.0,0.0,0.0,0.0,0.0,0.0,0.0,0.0,0.0,0.6005910796342016,0.9344577343405899,0.7495293471361992,0.43696869100536906,-1.0621307377220732,0.0,-0.9522789258827569,-0.4646687301054348,-1.0621307377220732,0.0,-0.9522789258827569,-0.4646687301054348,0.20325867607145826,0.22714696713286248,-0.31037980086783684,1.3014993870942897,-0.825862371548699,0.7396347838875008,-0.3581594200044679,1.2811339586981594
-9.890043828702487,4.040236430802109,9.219343573750292,-10.315949361284233,-9.080016145394273,3.360198878123416,0.8756989425871424,0.29188200511461415,0.6058508864442794,-0.550314021556717,0.0031683918739432854,-0.013209959213489986,-0.9329769736842105,0.0,-0.29349628949114953,0.2730799069045772,0.3268101687600575,0.0,0.0,0.0,0.0,0.0,0.0,0.0,0.0,0.0,0.0,0.0,0.0,0.0,0.0,0.0,0.0,0.0,0.0,0.0,0.0,0.0,0.0,0.0,0.4016194030033593,2.6264122003447286,0.6910003686702906,-0.13196259554133305,-0.9146862510167153,0.47450061173141245,-0.7880405778813554,0.45761417551124073,-0.9146862510167153,0.47450061173141245,-0.7880405778813554,0.45761417551124073,3.5294496606138472,2.034624263139087,-0.403130829817924,0.6191561797401323,-0.09379302523895622,0.5765367418396906,-0.43077622577753955,0.6337713380898282
0.6277877537390728,2.1299786744642395,3.570415140933294,0.5968620198168112,0.7412807726928516,0.6493625701172886,1.0352728319154545,0.6377829083045046,0.8602361031351244,0.4355925281237715,-0.047725940061066445,0.9914165702806356,-0.00792998120300752,-0.04190719360568384,-0.1802287149382467,-0.6206361520558572,1.405259891599369,-292.57256789524115,178.8109259942005,38242.582104381814,3346.83462281828,250082.1599755354,-29.52610609985779,342.5020249656199,20.393506916601165,46.85165797925715,19.94059719128297,-3.310140602596403,-11.323024244855095,-2.300966701478869,-183.59345123098055,3808.429022064025,-322.2042125234333,336.79841113035513,165218.59887428777,7591.458743381479,232135.46422721085,-155.97023149382738,199.29951007951246,96858.07305776572,0.6052645192045886,-1.2789756201882372,0.7002376471585963,-1.3127266957864234,-7798.294571574865,455458.0028607088,-4249.855253522857,707679.1354461592,-7798.294571574865,455458.0028607088,-4249.855253522857,707679.1354461592,-0.21464055810556718,-0.32655847566321133,-50819.36229008576,649629.2499712151,-8930.035536727168,809571.6844209059,-48846.70539695338,667906.664184457
0.6044363798008751,0.4057343396102599,0.45832813525673893,0.63349598963687,0.682228635928503,-0.016598674145842512,-2.1254009420057924,-2.6478038687366148,2.6159757737505718,0.4363455892980389,-0.01324770651643129,0.9626833871065928,0.0,-0.008214920071047958,-0.20344951210843762,0.7794802172226533,1.9915791936307508,0.0,0.0,0.0,0.0,0.0,0.0,0.0,0.0,0.0,0.0,0.0,0.0,0.0,0.0,0.0,0.0,0.0,0.0,0.0,0.0,0.0,0.0,0.0,0.6151484053228632,-0.3039737606749906,0.6982867227622659,-0.1497064843935877,-0.15070329214391237,0.6755340090864745,0.16592828438683868,1.180926228645947,-0.15070329214391237,0.6755340090864745,0.16592828438683868,1.180926228645947,10.229647271394697,3.7341756178676087,0.645725409665714,-0.5091019851670104,0.8872424489899594,-0.47644707336128167,0.6163870323357091,-0.5263774106773698
0.4741187272411781,0.8606548436930364,1.0963459152467008,0.46035682487762547,0.5661532526539886,0.3101223865374843,-2.0138174118392964,-2.56867830463623,2.6364020277087374,0.4405638264250208,0.10521311445472488,0.9443598952943325,1.0362429511278195,0.9876776198934281,0.0057001397478972735,1.0300620636152056,2.6932209806717387,0.0,0.0,0.0,0.0,0.0,0.0,0.0,0.0,0.0,0.0,0.0,0.0,0.0,0.0,0.0,0.0,0.0,0.0,0.0,0.0,0.0,0.0,0.0,0.6052645192045886,-1.2789756201882372,0.7002376471585963,-1.3127266957864234,-12882.420345519748,584748.4399032263,-11900.204912910212,1022912.0711198385,-12882.420345519748,584748.4399032263,-11900.204912910212,1022912.0711198385,-0.11588245964648662,-0.1590468418216627,-83951.03036915936,834038.7338758359,-25005.03864388492,1170192.1254604314,-80692.29726640548,857504.5362535993
0.7118161592946635,0.6846767964103841,0.8339774648985984,0.6824380867950339,0.7894383403106204,0.4221060683324874,-2.677449647053662,-3.396577422574732,2.5304057799251694,0.6299543483802906,2.4951928781651356,0.9423510074876728,1.037359022556391,0.9905639431616341,7.52353931561603,1.3341737781225755,3.7999828078447555,0.0,0.0,0.0,0.0,0.0,0.0,0.0,0.0,0.0,0.0,0.0,0.0,0.0,0.0,0.0,0.0,0.0,0.0,0.0,0.0,0.0,0.0,0.0,0.5569756906829608,0.014202665165875986,0.6005916063952773,0.07628364570199014,0.13613856188692575,0.04217208660568389,0.28378943117850297,0.1307390179072387,0.13613856188692575,0.04217208660568389,0.28378943117850297,0.1307390179072387,3.162471581731671,1.898261102182791,1.1567548694642773,-0.5023141480246097,0.5897906979110326,-0.409550148906841,1.107417413762812,-0.5176897098490718
0.7351442124445291,-0.24493689941073468,-0.22616055809317223,0.7875023404930129,0.7837445884353255,-0.3195818459969405,-1.467251681025691,-2.1955771638771377,1.4511386020193793,0.5272703951306783,2.0328788777377085,0.9442381445181713,1.0391212406015038,0.9905084369449378,15.376994067170436,-0.4604344453064391,4.074323450021863,0.0,0.0,0.0,0.0,0.0,0.0,0.0,0.0,0.0,0.0,0.0,0.0,0.0,0.0,0.0,0.0,0.0,0.0,0.0,0.0,0.0,0.0,0.0,0.4685365360368584,-0.197159249788626,0.5487186808392214,0.04525591952842555,0.14501794797428064,-0.2942771550581765,0.4671749416347461,0.0716239556864227,0.14501794797428064,-0.2942771550581765,0.4671749416347461,0.0716239556864227,0.6645896507067486,0.6221462858376801,0.8740439326690082,-0.4211333556439545,0.8748857918403032,0.0,0.8348426818765358,-0.4341188223607207
0.26836901597158475,-0.6879107841407713,-0.5385687391245029,0.32314852673129607,0.2949034848333309,-0.710555838857727,-0.3842807586591554,-1.1609094913361173,0.030768704235373548,0.5231335804692411,2.0371003362261173,0.9444207706824131,1.0284304511278195,0.9802397868561279,17.067309435307457,-0.7411753297129557,0.22045420375222952,79.2496736856064,-353.7410888347462,-323330.4647133514,-7264.326090928331,-108392.44939946459,1.045665947453024,-33.41267267625905,-1.3570664884332726,-3.2162325514962586,-1.019913070693242,-1.0,-5.700720161674198,-1.826367735300851,-109.51466603218887,1323.077459564025,47.96697974033541,-213.30237079748287,-202710.6381322556,-4502.029291226998,-66600.86389778915,37.65460256158716,-256.62877100636564,-155146.74205747797,0.3382208691643865,0.21307923372348878,0.5189315520447252,-0.2310942040402059,0.18249669216199083,0.25993175859888584,0.15776998996951164,0.15490111493532513,0.18249669216199083,0.25993175859888584,0.15776998996951164,0.15490111493532513,1.8365861088314965,1.3233003411029463,1.4408350552866471,0.22244339555433026,0.29614956222796,-0.07298216297046323,1.3896263949697785,0.23668128087298235
0.16472210576962099,0.14686070313908087,0.15384463157091785,0.19026584179413591,0.2194594864907343,-0.362417134115247,0.11373797470476245,-0.7076277271043151,-0.2145351899324079,0.4094335248542853,0.6776804429259956,0.9443598952943325,1.0352443609022557,0.9867340142095915,-0.7338887468771167,0.11704809930178432,-0.19035460527597187,0.0,0.0,0.0,0.0,0.0,0.0,0.0,0.0,0.0,0.0,0.0,0.0,0.0,0.0,0.0,0.0,0.0,0.0,0.0,0.0,0.0,0.0,0.0,-0.13783745932012179,-0.1239150381419904,-0.04215393968019605,-0.18218819163276823,0.007691168720263878,-0.16074356510703647,0.45663882878125883,0.11427092365670037,0.007691168720263878,-0.16074356510703647,0.45663882878125883,0.11427092365670037,0.6289099201531464,0.595368363927963,-0.030399666276284383,0.0,0.8581440487632755,0.0406607112593621,-0.03486449194398912,0.0
0.104300146484855,-0.17440101334015884,-0.1649317901592611,0.06630568940415824,0.14234736887225136,-0.08572157062723035,0.6450392820927298,0.02822029109995513,-0.5050479931084288,0.39848626571114876,-0.031077300660108175,0.9447251476228161,-0.03506813909774436,-0.024977797513321492,0.023562928303856832,0.10880527540729247,-0.13518044727965253,0.0,0.0,0.0,0.0,0.0,0.0,0.0,0.0,0.0,0.0,0.0,0.0,0.0,0.0,0.0,0.0,0.0,0.0,0.0,0.0,0.0,0.0,0.0,-0.11503015021695899,0.13955005792696779,0.0,0.0813035819989408,0.04030844715743566,-0.14894041262057942,0.3182293859671197,-0.006609468867661968,0.04030844715743566,-0.14894041262057942,0.3182293859671197,-0.006609468867661968,1.458403464975375,1.125454263283741,0.24338540692659832,-0.11949878253850432,0.5786294157088067,-0.16311058116898505,0.22964735406025902,-0.11949438656904864
0.06945077642604766,-0.6846789238472073,-0.5367400255085771,0.11977210285177135,0.11789709811541815,-0.6170066292707814,0.7398316238054901,0.14964506549444728,-0.6557706768324836,0.41490312004248986,0.7942082316716371,0.9444207706824131,1.0288416353383458,0.9806283303730018,0.7829472854487093,0.1540923196276183,-0.05297734035565946,0.0,0.0,0.0,0.0,0.0,0.0,0.0,0.0,0.0,0.0,0.0,0.0,0.0,0.0,0.0,0.0,0.0,0.0,0.0,0.0,0.0,0.0,0.0,-0.16182030413735024,-0.09799853191919482,-0.04247802578868829,-0.14879990393111311,0.0,-0.33064842299789704,0.38678283919959183,-0.16451205186099818,0.0,-0.33064842299789704,0.38678283919959183,-0.16451205186099818,0.7118589619386103,0.6568950308414518,-0.1583324602024828,-0.1733260213999761,0.6772672230043127,-0.1702063907816408,-0.15670677299023106,-0.1786216810698312
0.06560312283444829,-0.766490334342251,-0.5809940286856474,0.11124315525206638,0.09796539456200255,-0.7023712391636941,0.349327061696912,0.11718887002453324,-0.5446236306469823,1.4176091784545688,1.5043671338200841,0.9444207706824131,1.0344807330827068,0.9859569271758437,3.0674629871868615,0.3659813809154383,0.6178170150644419,0.0,0.0,0.0,0.0,0.0,0.0,0.0,0.0,0.0,0.0,0.0,0.0,0.0,0.0,0.0,0.0,0.0,0.0,0.0,0.0,0.0,0.0,0.0,-0.2064617044282872,0.07677290904687091,-0.08788352075323781,-0.04894533952294703,-0.009874541851977853,-0.29116865429422706,0.5139539171354692,0.0,-0.009874541851977853,-0.29116865429422706,0.5139539171354692,0.0,0.5790029223673346,0.557067927732849,-0.16186363204503648,-0.2356983577237128,0.9761933173334414,-0.15125602590578205,-0.1600694810342879,-0.2425527424952027
3.9604717677801085,-0.009146930766193622,-0.009129508230326499,4.09793769129948,3.8420823272228493,-0.5778939316675126,-1.2708786189601988,-1.0272415944536009,0.03843867064590676,-0.5364207084214275,-0.017000400179601447,0.005904912643818105,-0.9325070488721805,-0.016984902309058615,0.055506383531575235,-0.8307796741660202,-0.5989454118399569,92.39369142200573,-393.70359544428675,-327583.65733049135,-7445.774758151715,-128062.85955571459,17.343008988427343,-19.118839656481146,-1.2654111813813853,-3.045699538499983,-2.157368154149728,18.172483859568125,32.608082966172915,6.929118557962857,62.48676584277365,-9944.988946685975,64.01943259485348,-234.74319318931956,-204796.78912795367,-4827.723102045336,-86328.89124153915,0.0,0.0,0.0,-0.44197799349166966,1.8996694610109726,-0.30355774053991136,1.663329324816788,0.014865673152762339,0.021603554532129917,0.01596344469606532,-0.03200510272677708,0.014865673152762339,0.021603554532129917,0.01596344469606532,-0.03200510272677708,1.7709268009003545,1.2903506235996418,0.3523476821000098,-0.3177611401572775,0.0,-0.33184788221660394,0.3365722760764198,-0.3177395211713758
3.755725933117701,3.597708364046689,7.704803042242029,3.755461469040473,3.7473745875310986,1.0312595605143258,-1.141943176274239,-0.8168692692024694,0.19336872161897872,-0.5297851030957106,-0.014501285360577326,0.0012783831496925792,-0.9199953007518797,-0.0009436056838365897,0.15476723814929447,-0.41252909231962764,-1.8962984287492388,0.0,0.0,0.0,0.0,0.0,0.0,0.0,0.0,0.0,0.0,0.0,0.0,0.0,0.0,0.0,0.0,0.0,0.0,0.0,0.0,0.0,0.0,0.0,-0.5686674532846987,-0.27220327697491425,-0.4878845567239542,-0.23804380656394372,0.1358823227743763,-0.6615993721900247,0.22222034668199334,-0.5595910076795138,0.1358823227743763,-0.6615993721900247,0.22222034668199334,-0.5595910076795138,-0.2733886722736085,-0.4527990302026881,0.596869170182076,-0.40854807688246847,0.2796868945584015,-0.3543283019986284,0.5692237742224604,-0.4204410628224188
3.470438767955655,2.832188852753346,5.378019652265591,3.503028311533889,3.458329166134328,0.6523967361248887,-0.9436085017620638,-0.6653002695318795,0.1170274026821645,-0.5353098627866332,-0.021871468024819693,-0.008826931271686857,-0.9297462406015038,-0.0009436056838365897,0.10276400635286433,-0.3252521334367727,-1.6147266967724154,0.0,0.0,0.0,0.0,0.0,0.0,0.0,0.0,0.0,0.0,0.0,0.0,0.0,0.0,0.0,0.0,0.0,0.0,0.0,0.0,0.0,0.0,0.0,-0.604749438559112,-0.45582644205165646,-0.5554677151180549,-0.17212080192398413,0.11223551515749033,-0.6002710813812837,-0.004707099532366797,-0.5366586466428263,0.11223551515749033,-0.6002710813812837,-0.004707099532366797,-0.5366586466428263,-0.20020122013817315,-0.29932096560607735,0.45014750470397447,-0.33847645451858754,-0.19581177244539597,-0.3300096446746584,0.4283589382371437,-0.3478270511093868
3.2797634307121672,0.6033514146568114,0.7193621728748986,3.389847800862856,3.2760362340384317,0.10637429867558727,-1.0380051909691217,-0.6761876298552361,-0.11972208616384479,-0.5351476514417862,-0.01914995975940937,0.0,-0.932624530075188,-0.011711811722912966,0.14990892446302598,-0.20558572536850273,-1.225783846610905,0.0,0.0,0.0,0.0,0.0,0.0,0.0,0.0,0.0,0.0,0.0,0.0,0.0,0.0,0.0,0.0,0.0,0.0,0.0,0.0,0.0,0.0,0.0,-0.575766542739676,-0.20574438238441134,-0.5406062747040601,-0.1553505110928808,0.10664064494530323,-0.61013553295235,0.12866497850414624,-0.5671537263832251,0.10664064494530323,-0.61013553295235,0.12866497850414624,-0.5671537263832251,-0.18321338160892037,-0.26869043010238514,0.4157318530400038,-0.36080682029334543,0.085669444427637,-0.37699594543070836,0.39533444721790295,-0.3710919352381736
3.3374059441852117,1.8552417832863188,2.948289843789231,3.3881779308399347,3.308816385339984,0.35150433470735465,-0.9877756760136365,-0.6072592999319262,-0.05883256130515502,-0.5400124947960295,-0.03453214682076324,0.0,-0.9403782894736842,-0.019038632326820605,0.04370639106516354,-0.29179596586501166,-1.497719292926016,0.0,0.0,0.0,0.0,0.0,0.0,0.0,0.0,0.0,0.0,0.0,0.0,0.0,0.0,0.0,0.0,0.0,0.0,0.0,0.0,0.0,0.0,0.0,-0.5841158867154197,-0.2467739961576279,-0.5632861532879846,0.0,0.19944355342885497,-0.5502460711390401,0.3887665791382563,-0.4922583866647632,0.19944355342885497,-0.5502460711390401,0.3887665791382563,-0.4922583866647632,-0.1404007936780636,-0.19708919777930445,1.0540620018747442,-0.3895451013131947,0.6442391414401873,-0.3831438532574264,1.0082369459737373,-0.4016691874006064
-0.8424523573353706,-0.3677852056575074,-0.3252674699976885,-0.8205023366717997,-0.7338081698552629,-0.42253952065272876,0.06657843011002941,0.3421047304081788,-0.0219306926207982,1.4273471794501897,-0.0535930176752384,1.988311925488525,0.9492481203007519,-0.04640319715808171,-0.1114763091231023,-0.7063615205585725,0.531702665522245,76.50192517668013,-383.10404436103335,-326766.78575453145,-7254.63194382534,-108542.35174321459,0.36330803326139005,-6.476780728436054,-1.1359005675268243,-0.17111430987780374,-1.1635522856181704,-1.6976794445742183,6.134275218353686,-0.14946156507868827,123.97802590747375,-2929.852227935975,48.8613055641587,-226.01449392453577,-204058.46369002646,-4217.918265773371,-68116.00061653915,36.874627017264544,-264.2637853090751,-155827.52402737312,0.5924306974645667,-0.5832141989084176,0.6806437892894751,-0.4012488200513538,-1.1063025138424976,-0.2827735174182989,-0.9751889575708805,-0.5969925308319922,-1.1063025138424976,-0.2827735174182989,-0.9751889575708805,-0.5969925308319922,0.2740416083593488,0.29629023110643504,0.4697791725940029,1.0328084481188076,-0.41265663981055056,1.043540446608451,0.4095620807336016,1.0649103083808453
-0.8375984878386249,-0.5015694515937528,-0.42231205778418013,-0.8128828377856835,-0.7319971709840116,-0.46045385007649203,-0.039439126643709584,0.2726441725583176,-0.32848852933170075,1.4527850084347478,-0.025998601816363938,2.006635417300785,0.9967692669172933,-0.018206039076376555,0.029277942578733056,0.3291311093871218,0.502945088560532,0.0,0.0,0.0,0.0,0.0,0.0,0.0,0.0,0.0,0.0,0.0,0.0,0.0,0.0,0.0,0.0,0.0,0.0,0.0,0.0,0.0,0.0,0.0,-0.4374985915837903,-0.16102536822603028,-0.30471984247559153,1.7437646874127335,0.005932859741727019,-0.13087612483702585,-0.23512616915725773,-0.057913407025971454,0.005932859741727019,-0.13087612483702585,-0.23512616915725773,-0.057913407025971454,0.5126179523446487,0.5044714480062237,-0.08690234894631213,0.13807263512198262,-0.6472259312119972,0.1621947693046329,-0.08640166736996985,0.14333214248637224
-0.784314558955335,-0.5198959467022053,-0.4347219759512271,-0.7536311077314604,-0.6822179199588505,-0.5004844467108621,0.2329165200200826,0.3964419380375865,-0.4847497746896129,1.4436010534626451,1.083418162469552,0.9442990199062519,1.0352443609022557,0.9867895204262878,1.5139674733336679,0.39584949573312644,0.7121270038777426,0.0,0.0,0.0,0.0,0.0,0.0,0.0,0.0,0.0,0.0,0.0,0.0,0.0,0.0,0.0,0.0,0.0,0.0,0.0,0.0,0.0,0.0,0.0,-0.44979745886006334,0.11632343061284472,-0.25596535175121593,2.222817198262779,-0.4892556771736209,0.5526576402579944,-0.7087604523339885,-0.24231744183244788,-0.4892556771736209,0.5526576402579944,-0.7087604523339885,-0.24231744183244788,2.5725229886835344,1.6607673484847705,-1.2423024533702776,0.08248919967028487,-1.3541424731987628,-0.21971933158108028,-1.2107011322533927,0.08902851775539838
-0.7799031722161806,-0.3992143064606538,-0.349085423475657,-0.7897262865069143,-0.6753168355027218,-0.2103773584905668,0.0,0.3341945065987646,-0.5388258258482389,1.4582329580690985,0.964297312733384,0.9444207706824131,1.0352443609022557,0.9866785079928952,1.1201506233403518,0.376066718386346,0.6438630125822118,0.0,0.0,0.0,0.0,0.0,0.0,0.0,0.0,0.0,0.0,0.0,0.0,0.0,0.0,0.0,0.0,0.0,0.0,0.0,0.0,0.0,0.0,0.0,-0.4430243093170392,-0.05405601591096892,-0.20749044343442596,2.3643168536607253,-0.08379533092678615,0.1415782675388303,-0.1014627452404156,0.5012300242432497,-0.08379533092678615,0.1415782675388303,-0.1014627452404156,0.5012300242432497,1.0133724903833556,0.8619891880420171,-0.5536373130397719,0.4963950696475345,-0.32389791672465157,0.7560360355960962,-0.5356029094635437,0.5103780602459507
-0.7572979189506952,-0.30617661332366136,-0.27676134946616543,-0.7409790712159483,-0.6461872579976853,-0.32771545130035673,0.13728948142016933,0.3927407000680739,-0.5782371385723042,1.2272644561704384,2.751833041128477,0.9444207706824131,1.0353031015037595,0.9867340142095915,8.887433569977714,0.3275795190069822,0.49973857184675086,0.0,0.0,0.0,0.0,0.0,0.0,0.0,0.0,0.0,0.0,0.0,0.0,0.0,0.0,0.0,0.0,0.0,0.0,0.0,0.0,0.0,0.0,0.0,-0.48498302388206715,-0.07996171047937736,-0.21512506626307107,2.6201013467869116,-0.022132728594414938,-0.07787404214744295,-0.1101078014878901,0.30566714813631174,-0.022132728594414938,-0.07787404214744295,-0.1101078014878901,0.30566714813631174,0.8167866183910796,0.7313095698976149,-0.31758909742695446,0.3065903999769821,-0.3896303386502373,0.5997199845188151,-0.31016013743019555,0.3155992247609441
0.44518305469773833,-0.6362570636722518,-0.5085480808662447,0.5012170563667142,0.4627262855591593,-0.7007904130545655,0.11251803766144844,-0.23309845262206913,0.17182161269347745,0.06733336580011548,3.018137059038261,-0.061484141961405,0.059328007518796994,0.9816829484902309,2.587179523067505,-0.7534910783553141,0.09937019189200062,75.52894092576813,-348.1869007160388,-322486.5265441827,-7279.97166778822,-116586.78533696459,-0.5596122568422359,22.72644921175811,-0.6628726047841557,-1.0,-1.1335772397183583,-1.8688232850097692,-2.0896421674613315,-1.4121480030661928,-29.939694116134945,2716.143865814025,49.034559025507804,-206.8084181705637,-201897.38186101202,-4407.751325613816,-71810.33655403915,36.408142348438275,-241.72203585290055,-153481.54757096153,-0.22495464291198353,1.1880542819338435,-0.3109456625031666,0.9619100001028897,0.05963363441391049,0.24982526716455278,0.14394871575927026,0.39499274566574727,0.05963363441391049,0.24982526716455278,0.14394871575927026,0.39499274566574727,4.114008019635533,2.2370711560255283,0.7972734813126291,0.011658362298830693,0.32902688129073354,0.1072274049184193,0.7632686652817459,0.015046802788547304
0.3634889005930581,0.044489301641601205,0.04516107667482714,0.3902069951126685,0.3965873208647072,-0.4321774604793487,0.21055391805251059,0.48798638092409125,-0.17450176031190423,-0.6069350844222052,-0.014687950254875879,-0.061301515797163204,-0.9861959586466166,-0.006438721136767318,-0.11495795599906385,-0.05595422808378588,-0.7404740558759484,0.0,0.0,0.0,0.0,0.0,0.0,0.0,0.0,0.0,0.0,0.0,0.0,0.0,0.0,0.0,0.0,0.0,0.0,0.0,0.0,0.0,0.0,0.0,-0.5421556858415294,-0.3119472559141583,-0.5785538318060697,-0.31869417205355877,0.16375866812003442,-0.5664632671341313,0.25360449899713167,-0.4945440408735602,0.16375866812003442,-0.5664632671341313,0.25360449899713167,-0.4945440408735602,0.0,0.0,0.8063043562809209,-0.35717742453453294,0.35423337301397323,-0.3324929847437849,0.7708508250997282,-0.36623777663900164
0.26808657217503457,-0.32589017187433383,-0.2925442077024505,0.30836425331585754,0.311327494320536,-0.4946710861805202,0.34419194526715763,0.6471541254566134,-0.622524952242174,-0.6056059878563624,-0.028994194632993783,-0.06117976502100201,-0.9985902255639098,-0.018261545293072824,-0.07833792035187569,0.0,-0.559721596838632,0.0,0.0,0.0,0.0,0.0,0.0,0.0,0.0,0.0,0.0,0.0,0.0,0.0,0.0,0.0,0.0,0.0,0.0,0.0,0.0,0.0,0.0,0.0,-0.5931072079515977,-0.23511402472566242,-0.628180775761717,-0.30067510541384235,0.1273449120172659,-0.6040377230229022,0.16917680357880943,-0.5458064366705803,0.1273449120172659,-0.6040377230229022,0.16917680357880943,-0.5458064366705803,-0.05921317913785541,-0.07755933997829972,0.5648478196227201,-0.40399076389710903,0.1751163972118741,-0.37993222711945335,0.538301417751252,-0.41580445886411255
0.21187729588812854,-0.31306882433658595,-0.2823073330399681,0.24636889226853959,0.32468316449727824,0.01432942376338775,0.041712405081585364,0.15088346303106612,-0.10503273927667148,-0.5583366724062087,1.207013496026912,-0.061484141961405,0.05962171052631579,0.9819604795737122,-1.490435557253259,-0.08310705973622963,-0.70092237282254,0.0,0.0,0.0,0.0,0.0,0.0,0.0,0.0,0.0,0.0,0.0,0.0,0.0,0.0,0.0,0.0,0.0,0.0,0.0,0.0,0.0,0.0,0.0,-0.5560467775545925,0.5265774913917871,-0.5844057162439373,0.5162853846129818,0.10656941515787599,-0.2969761440049959,0.2293032221201935,-0.18244226561859464,0.10656941515787599,-0.2969761440049959,0.2293032221201935,-0.18244226561859464,1.0087814546467337,0.8590528846412088,0.5890922808631573,-0.2835566403219365,0.35277406878800277,-0.19118042766936583,0.5614362029287834,-0.2918425781620536
0.13119856107294997,-0.09902910627671271,-0.09601858877811807,0.15981077352816422,0.20207818371458366,-0.28327383987761373,-0.09337648209454393,0.021572799407530974,-0.24505333428088022,-0.4652556911942413,2.1073243802719905,-0.061484141961405,0.05944548872180451,0.9817939609236235,-0.008539478366060053,0.02230411171450737,-0.49286610758509014,0.0,0.0,0.0,0.0,0.0,0.0,0.0,0.0,0.0,0.0,0.0,0.0,0.0,0.0,0.0,0.0,0.0,0.0,0.0,0.0,0.0,0.0,0.0,-0.6390719952635918,-0.07752331823899265,-0.6911314360420089,-0.1635266989664277,0.1107878025713977,-0.5281683181746305,0.21863449320998962,-0.4112886889035605,0.1107878025713977,-0.5281683181746305,0.21863449320998962,-0.4112886889035605,0.1345341735070705,0.1557327511547021,0.47596365802204516,-0.33340807926068544,0.28556414301173794,-0.254714661401614,0.45273769069296854,-0.3429616065404618
-1.5856573738342494,-0.687209321574444,-0.5381723867526776,-1.611004329434422,-1.4978710940290614,-0.6018357980622139,2.146976363841164,1.8613643445038588,-1.272519273171225,0.44166332759379134,0.045437118587410605,0.9780848602909844,0.055098684210526314,0.02980683836589698,-1.3099997571820767,-0.7453452288595811,0.1961582443391199,-102.39860185708484,265.6361462501329,150969.61772630585,6917.171944222609,154526.129585538,-1.1716817265871882,-30.791062717386094,-1.3446096248474708,-3.6490226619190866,-0.9477620808137949,-1.8157597042130234,-9.887687708475198,-2.199522436403689,-143.12156171738806,583.819647064025,48.68252481797505,-204.31852235465493,-201563.19623599076,-4233.1964915548915,-69766.87952278915,-8.303662596192197,51.57641766161203,-30321.798106141243,0.44577498605534255,0.0,0.17343054659851195,0.5057988957775691,0.0986383510820134,0.13835059636720837,-0.08331174581711391,0.18010165053214222,0.0986383510820134,0.13835059636720837,-0.08331174581711391,0.18010165053214222,-0.2817674749261756,-0.473565978638588,0.9833040500111423,-0.25815895961638446,-0.2131101245133374,0.1362572007124566,0.9450250636121127,-0.2736419488201253
-1.655901434442906,0.013341434298876739,0.013411140703137113,-1.7237874335586574,-1.3773628713083486,1.010912799592046,1.7713570016593774,1.5263578604142802,-0.8826652304355775,0.40406256613022684,1.3670717025955486,-0.061484141961405,0.05956296992481203,0.981904973357016,9.952026180806833,-0.9715865011636928,-0.7844526070359588,-106.03222845729375,452.1186543338555,444050.9466929954,6688.499953830826,89430.06891103968,-0.31161309989162334,-18.97062743216952,-1.264156281543103,-1.7898874029854381,-1.0665174887907387,-1.9532997976840514,0.9305317032675227,-1.0,435.73357788934,1107.257147064025,48.61218602752931,-140.06560842205056,-188650.96150017538,1151.7645967630951,28794.103105081886,-9.043425128683495,146.8104509260728,46669.698984585906,0.10479716571737306,1.6247635956750408,-0.11901676407095599,1.5045699517574032,-0.016277497783239486,0.4929648284563979,-0.08406604578656686,0.4978769368001934,-0.016277497783239486,0.4929648284563979,-0.08406604578656686,0.4978769368001934,-0.3248526883189522,-0.5996082596524177,0.4135516842460395,0.56486031965054,-0.1523794893515662,0.47070047380721014,0.37608620893397315,0.5833547682246808
-1.6321609049767347,-0.783420471145829,-0.5896220112105115,-1.6573365380573712,-1.5518938690365627,-0.6783018867924565,0.5732615248239246,1.3838965739809312,-0.39378043621182945,0.40704627387561154,-0.023379447102969422,0.9516040664759238,-0.027901785714285716,-0.024478241563055062,-0.7751567264633734,-0.928432893716059,-0.13772827067677088,14.04430703755412,518.813032479091,565755.2445412992,7197.187189385333,93824.50704730998,-0.12236929147196207,3.606656302459598,-1.0,-0.4040916580491352,-1.1228524996778226,-1.4809091215144023,-0.8326446765418076,-1.2478834911400158,356.18217243411556,2838.214178314025,49.15723561755852,-185.31468219553977,-198604.099806774,-3392.7785272177816,-57846.95764778915,21.258157584430684,171.4643147765545,69556.69677430231,0.035854967882940195,1.0376902834840462,-0.10075413995346048,1.8162220206913628,0.015132276236596012,0.6613941934065196,-0.31673338777496807,0.09238776298583186,0.015132276236596012,0.6613941934065196,-0.31673338777496807,0.09238776298583186,-0.21103851715857558,-0.31965183940870295,0.6761987802945693,0.8520165013663186,-0.6887797716455352,0.11595803895966764,0.62700435736511,0.8712090069621465
-1.62125134556257,0.32843878349085076,0.36296458663341274,-1.673102863234963,-1.501911014588007,-0.2163182049974516,3.8061041012409467,3.2591228859386496,-1.5517891592763482,0.4237199208433823,0.9765335612245716,-0.061484141961405,0.05950422932330827,0.9818494671403197,0.9831804554013986,0.022595034910783553,-0.4522456267878846,0.0,0.0,0.0,0.0,0.0,0.0,0.0,0.0,0.0,0.0,0.0,0.0,0.0,0.0,0.0,0.0,0.0,0.0,0.0,0.0,0.0,0.0,0.0,0.02886618506849746,0.6960262393250094,-0.13671361494711814,0.1670573193944849,0.07075154810602914,-0.2749761536170613,-0.11070981719130266,-0.2500663786878443,0.07075154810602914,-0.2749761536170613,-0.11070981719130266,-0.2500663786878443,-0.1586713715291318,-0.2267627242813581,0.3253280971485323,-0.13708011731057249,-0.38447644336406284,-0.10475675842562548,0.30687728531688147,-0.16159711979687522
-1.677855436679415,5.9075124394580145,16.97742128121286,-31.456313981436548,-1.5814949492063037,197.94525752167323,2.1623360651372128,2.3128093683404027,0.16216970883108286,0.40930684641649195,0.6456061994681946,-0.061484141961405,0.05938674812030075,0.9817384547069272,0.2468756538940847,0.21925911559348332,0.0668695863984077,0.0,0.0,0.0,0.0,0.0,0.0,0.0,0.0,0.0,0.0,0.0,0.0,0.0,0.0,0.0,0.0,0.0,0.0,0.0,0.0,0.0,0.0,0.0,-0.1235701389532904,0.44202760796931195,-0.30899963132970937,0.3857776493542926,0.09105025391909059,-0.27213106768547013,-0.13784833180489442,-0.3833912511096279,0.09105025391909059,-0.27213106768547013,-0.13784833180489442,-0.3833912511096279,-0.11458299581763179,-0.1570824954255227,0.4913113507731305,-0.2262200993500997,-0.4356852556945927,-0.300606447864394,0.466684406143758,-0.24784275170131562
-1.658953556012534,-0.4332562950220146,-0.37417691311996903,-1.6933514713580973,-1.4905342268070694,0.0,3.367029099887674,2.9006260524044105,-0.8957705174455195,0.40604072539280844,0.01047180294132677,0.9501430571619894,-0.001351033834586466,0.0019427175843694494,-0.510718296546365,-0.2821955003878976,0.2530626220735527,0.0,0.0,0.0,0.0,0.0,0.0,0.0,0.0,0.0,0.0,0.0,0.0,0.0,0.0,0.0,0.0,0.0,0.0,0.0,0.0,0.0,0.0,0.0,-0.2987143012557013,0.6538494238503322,-0.45184539619458547,0.6360710841197241,0.07037985720380854,-0.20130880346861846,-0.08504835574248196,-0.300525903475336,0.07037985720380854,-0.20130880346861846,-0.08504835574248196,-0.300525903475336,-0.010755915982863325,-0.013599785815398512,0.3756941552639802,-0.10566780431948616,-0.3165855594341313,-0.23234225960658164,0.35471057574542986,-0.12962122610488994
-0.5114295128191262,0.49843054840624723,0.57768794221582,-0.5564297641929407,-0.377980825558302,0.35535441101479,-0.2732370183047024,-0.5881045570950603,0.12308028217896347,-0.5736316984373381,-0.05030780853645128,-0.02161076276861265,-0.985608552631579,-0.042073712255772645,-0.05537496365978456,-0.7769588828549263,-0.12727129895082911,76.38862455246084,-401.7863236311388,-328055.5620873276,-7269.669130694078,-116132.68377446459,-0.3473087565485855,-40.58388191737947,-1.3811500904507503,-4.236374611929475,-1.0,-2.5173841798478307,-12.491637967987769,-2.373575956390178,-173.10345849472515,2673.175115814025,47.874116730820234,-248.52250478384272,-205652.18058135078,-4539.015151937099,-71853.79358528915,36.25027910299767,-286.56920604816406,-157148.5701607373,0.0695946275328584,0.18131371234241045,0.3079393758358008,-0.23909970663297367,-0.04392911887659331,-0.4265257868565983,0.08440528022926716,-0.31794234609944244,-0.04392911887659331,-0.4265257868565983,0.08440528022926716,-0.31794234609944244,1.014171458949044,0.8624996624986554,-0.4609797767424491,-0.3148604384723957,0.026444693753633966,-0.23594628944959087,-0.44915213037928764,-0.3264316081934144
-0.509739146122164,-0.022904293185734375,-0.02276076858743229,-0.5012743745629488,-0.36318207146837356,0.09296277409485008,-1.2804371625433855,-0.9032034467772014,-0.7313136370799879,-0.5711409956322484,-0.04699874223045762,-0.020575881171242465,-0.9787359022556391,-0.03652309058614565,-0.02019505756326143,0.1708688906128782,0.0,0.0,0.0,0.0,0.0,0.0,0.0,0.0,0.0,0.0,0.0,0.0,0.0,0.0,0.0,0.0,0.0,0.0,0.0,0.0,0.0,0.0,0.0,0.0,-0.057066037068754315,-0.3099335939378804,0.20364533928010367,-0.5255141274506748,0.022852656751507754,-0.6171805553371877,0.13766247271224097,-0.6130014594034126,0.022852656751507754,-0.6171805553371877,0.13766247271224097,-0.6130014594034126,-0.08980965572836941,-0.12053999272322631,-0.12311836820127846,-0.39129470748314055,0.1073012241451938,-0.450674499430476,-0.12369993720979437,-0.41695463261436627
-0.5001001233046092,-0.058296147471719045,-0.05727674314350161,-0.4834598791732424,-0.35295903642000875,0.047067822539521374,-0.9141726507423747,-0.5109312539006247,-0.8224488499893355,-0.5746307729084479,-0.04679313274432097,-0.025141535277287394,-0.9846687030075187,-0.037966252220248665,0.012899112787208717,0.181633048875097,0.06127643122060301,0.0,0.0,0.0,0.0,0.0,0.0,0.0,0.0,0.0,0.0,0.0,0.0,0.0,0.0,0.0,0.0,0.0,0.0,0.0,0.0,0.0,0.0,0.0,-0.061588785953858735,-0.2864166434745892,0.18729157535553786,-0.6394742049784632,0.018378567464202043,-0.6507478844035038,0.16387537159697757,-0.6750790525694577,0.018378567464202043,-0.6507478844035038,0.16387537159697757,-0.6750790525694577,-0.1846532838488929,-0.271232201931827,-0.16186051470722493,-0.4124139046185826,0.15951522024117495,-0.5074272196243138,-0.16041204727440453,-0.4387334973068464
-0.4808527499464493,0.2451677963181837,0.2644677345272395,-0.49265753906235066,-0.34054994356255974,0.19701682814890484,-1.1007399898861419,-0.6206764712381424,-0.667716895099611,-0.5766999489757609,-0.04446025983750493,-0.026906921531624765,-0.9822015977443609,-0.0340253108348135,-0.04037148682383562,0.22119860356865786,0.16286809161262633,0.0,0.0,0.0,0.0,0.0,0.0,0.0,0.0,0.0,0.0,0.0,0.0,0.0,0.0,0.0,0.0,0.0,0.0,0.0,0.0,0.0,0.0,0.0,0.2574805531630483,1.1402833599636568,0.22210272050771057,-0.5544943225986002,0.00977660742614551,-0.6304291946127353,0.1983972953389282,-0.6915086568848783,0.00977660742614551,-0.6304291946127353,0.1983972953389282,-0.6915086568848783,-0.18293115442204635,-0.26819336090772145,-0.2178708840209137,-0.37978387954852993,0.23228206446564173,-0.5306759943601562,-0.21489904973291932,-0.40559666186469506
-0.5271586324377351,0.0,0.0,-0.5361200166604891,-0.4001700267184843,0.061448240693524586,-1.1888940786238782,-1.0246010712819533,-0.4313126945841689,-0.5856424327625681,-0.04274273231239759,-0.03652523284835941,-0.989250469924812,-0.03191607460035524,0.0,0.22304111714507371,0.17524021406239887,0.0,0.0,0.0,0.0,0.0,0.0,0.0,0.0,0.0,0.0,0.0,0.0,0.0,0.0,0.0,0.0,0.0,0.0,0.0,0.0,0.0,0.0,0.0,-0.06323092885671466,0.045402750130028174,0.16387269489264453,-0.48792137786875944,0.028846758519277864,-0.6228645620633492,0.2119594221186446,-0.7000537306370491,0.028846758519277864,-0.6228645620633492,0.2119594221186446,-0.7000537306370491,-0.16007410704253228,-0.22909233438598162,-0.0912875367270621,-0.3764958430124108,0.2615180020055368,-0.5479288433411285,-0.09280943033323004,-0.4010834076659457
0.0,-0.958089423174278,-0.6680273323275223,0.045755205447521374,0.0,-0.9646863844977075,-0.15455020571442982,-0.126600535940833,0.013315663677203288,-0.03481644364576287,3.165879397596166,-0.061484141961405,0.05938674812030075,0.9817384547069272,5.92769232932809,-0.7916989914662529,-0.25823256161104924,-140.69601847660522,427.5048836542485,401383.02942344465,12033.079948697447,126987.43341303541,-0.1037979688316284,-27.911855224984816,-1.3286754710217539,-2.617497851947077,-1.074982803260937,-1.9709761376232413,-5.367171066698926,-1.7916937787780731,51.52727013737888,2295.245428314025,-160.93527943477866,590.2062323293633,538323.1721364623,12882.850048063166,177426.6439463371,-70.04798502848593,311.5370361341087,222664.54111503053,0.11714545834426854,2.1957264438688675,-0.013382650234928324,1.2863703399901287,-0.3618125901691039,0.807854399388157,0.0374189817094048,1.712014230502002,-0.3618125901691039,0.807854399388157,0.0374189817094048,1.712014230502002,-0.2649501569205264,-0.4327378063627591,0.0,0.02210301045434162,1.0231454294639437,0.1797608699997719,0.0,0.016803131470171314
-0.07820842081986266,-0.7605821675368032,-0.5779403145762873,-0.04876250014329545,-0.06663547128834528,-0.8096634370219294,-0.20601555019063506,0.0,0.0,0.0,3.1476412649325,-0.0616667681256468,0.06079652255639098,0.9832371225577264,12.128385682951798,-0.9594647013188519,-0.550468280498637,-77.27081174250527,476.01356627551763,486631.8346230042,11225.362221084535,97833.13653803541,-0.5470188400743439,43.34127266880985,-0.18284693112001163,-2.569971936777191,-0.6017084604608893,0.21719226113022905,64.10712340567412,21.342691136248,282.5286831821608,-1039.6800938384185,-73.08679575682586,639.9892962262776,626714.952547462,9583.580312514558,115888.44364987931,-31.882364907234432,343.73690596715574,263408.0756249682,-0.1264530251121438,2.176318056749738,-0.08615575943242426,2.1575021506162586,-0.267939444940535,0.7318085310057437,-0.08313787326733509,1.144388505402899,-0.267939444940535,0.7318085310057437,-0.08313787326733509,1.144388505402899,-0.3747962517386788,-0.9454834019875555,-0.10722618967190535,0.34861279325468375,0.28899422457478996,0.6090237606530933,-0.10203230906346104,0.3534682792706619
-0.09319393907903631,-0.8276489816003848,-0.6113043059605181,-0.05878172084509949,-0.08411321779136718,-0.8675675675675694,-0.3198385506134514,-0.30112741492226386,-0.00031770741167306215,0.4785009365607729,0.016422863059213644,0.9833201436659159,0.05568609022556391,0.02558836589698046,-0.3469527653172333,-0.9473429014740109,-0.4042015395169816,16.11758278938082,520.454925477704,568863.5814940922,6819.798201661844,138324.41730239493,-1.3465740953388021,-28.83424291550763,-1.3340369545633077,-3.1714247664704747,-1.2787528640311165,-2.2560315710570875,-4.889737947300642,-1.7407920607905065,-9.776734326688313,3130.206365814025,-2.7788298484608305,677.1885483821344,695999.3592961279,9240.14765797526,188596.29107933963,8.324169063842632,366.4385455434963,293379.54712650325,0.0,1.20203287246507,0.005864589136390563,0.8155059920677329,-0.021971161370631185,0.5402783530115085,0.05966655607512912,0.5808566241978526,-0.021971161370631185,0.5402783530115085,0.05966655607512912,0.5808566241978526,-0.3747962517386788,-0.9454834019875555,0.6726054984347065,0.29147075554850654,0.27464551271589804,0.08086141690915938,0.6346544526513479,0.2988082138435836
-0.08609454538961518,-0.9574855190482341,-0.6677895781470016,-0.05014195806600767,-0.06616754061352495,-0.7971188169301391,-0.15184076385146872,-0.3998582814660111,0.11678136173028451,0.478103786197926,-0.0115358520402125,1.023984902903756,0.047697368421052634,-0.019038632326820605,-0.6252370291010901,-0.8636539953452289,0.722671083573188,-88.37216276563193,473.8287607772387,482691.06470660574,9818.835241045956,66441.02303945218,-0.1513418685655381,-28.80547270680177,-1.3338733821728432,-2.479232937201222,-1.0905276511848596,-1.8528195867277897,-4.793088630041318,-1.7303057126394181,-29.87363055683869,-1734.539727935975,-99.90425298767468,629.9033758414189,608406.6235165986,12769.39130790822,106277.13560937106,-41.696419266967055,337.4663200946218,255311.10914351366,0.010051708338083332,1.5608629705331194,0.06765904809063458,1.4693403547173374,-0.16362611559647994,0.5805329903323044,0.044391613010600864,1.048907165633462,-0.16362611559647994,0.5805329903323044,0.044391613010600864,1.048907165633462,0.11826045208121617,0.13811317887293775,0.16108418429627777,0.05962759731814375,0.4272283343959357,0.49566263355099577,0.1537515142503205,0.06000517997391408
-0.02773838989672792,-0.5812718694695288,-0.47473226058888635,0.0,-0.018892254497135212,-0.7942376338602768,0.03483291443092577,0.06264038833745152,-0.020280764763220875,0.432585276357465,0.9987852450414111,-0.061484141961405,0.06291118421052631,0.9850688277087034,1.1269618993390493,0.37131497284716836,0.6382671660922609,0.0,0.0,0.0,0.0,0.0,0.0,0.0,0.0,0.0,0.0,0.0,0.0,0.0,0.0,0.0,0.0,0.0,0.0,0.0,0.0,0.0,0.0,0.0,-0.5306217834172134,0.35787591413333103,-0.4701660475769574,0.3948129186406039,0.17101607823601267,-0.37055214632983363,0.36292983409564705,-0.41067411710960267,0.17101607823601267,-0.37055214632983363,0.36292983409564705,-0.41067411710960267,-0.2817195272445729,-0.4734445274259311,0.9489053301904712,-0.29219924339356046,0.6167701904179245,-0.47471146274364745,0.9047424953427531,-0.32122324966785765
-0.07288062585593594,-0.46724778482343454,-0.39849802449254446,-0.051139294680489264,-0.05598022546400147,-0.7177460479347286,-0.4725661145702241,0.5748060913157296,-0.7195259243855013,0.4449978786553237,0.011412485145565096,0.9896511840262981,0.045347744360902255,0.010046625222024867,-0.28164909273186833,0.25465477114041896,0.26795047156097174,0.0,0.0,0.0,0.0,0.0,0.0,0.0,0.0,0.0,0.0,0.0,0.0,0.0,0.0,0.0,0.0,0.0,0.0,0.0,0.0,0.0,0.0,0.0,-0.5473763444054895,0.45445513805435495,-0.48458082870702124,0.4923457375323169,0.14480362028641688,-0.33860580659348033,0.37546210124152146,-0.32062387285191724,0.14480362028641688,-0.33860580659348033,0.37546210124152146,-0.32062387285191724,0.013313473197088982,0.016562133966230633,0.7894086593221369,-0.24776796722895345,0.6483241449762972,-0.373348211145959,0.7509964562807223,-0.27745057206588536
-0.09248012856034864,-0.9770658104924067,-0.6753804480261872,-0.04723401491037343,-0.0872458529197445,-0.966981132075474,-0.1745750623022656,-0.08627439942431954,0.10962899437854262,0.452545883221695,0.0002820405688619351,0.9977476106410178,0.030016447368421052,-0.011822824156305506,-0.9394365197214819,-0.734678044996121,0.6517771823634222,0.0,0.0,0.0,0.0,0.0,0.0,0.0,0.0,0.0,0.0,0.0,0.0,0.0,0.0,0.0,0.0,0.0,0.0,0.0,0.0,0.0,0.0,0.0,-0.5553377213909588,0.15857138701630413,-0.49240571218990664,0.3284947101217578,0.12347502198988076,-0.4130457890845154,0.36620849487971885,-0.40460927186763607,0.12347502198988076,-0.4130457890845154,0.36620849487971885,-0.40460927186763607,-0.2931284989763022,-0.5032873132961543,0.6077535047543883,-0.2698684436096188,0.6145486981641282,-0.3919166931407555,0.5791748961217906,-0.29577534322989535
-0.10890513011464875,-0.6802525097008857,-0.5342246393638704,-0.08071930515061314,-0.09301461658260582,-0.7847271800102004,0.02272029843150404,0.17433797685230817,-0.19460651162052606,0.4439503856017798,0.011259403956435687,0.988920679369331,0.0447015977443609,0.010102131438721136,-0.31210178981714637,0.32476726144297907,0.5141560359760955,0.0,0.0,0.0,0.0,0.0,0.0,0.0,0.0,0.0,0.0,0.0,0.0,0.0,0.0,0.0,0.0,0.0,0.0,0.0,0.0,0.0,0.0,0.0,-0.5632888210286178,0.7163379223483498,-0.45730277301801536,0.5987511799486461,-0.04981230023454191,-0.2713407270186227,0.0,-0.2568789151841053,-0.04981230023454191,-0.2713407270186227,0.0,-0.2568789151841053,-0.026270050349491196,-0.033580039404848314,-0.45752101412715224,-0.09602622931787583,-0.14145578642069923,-0.17727451179743423,-0.44896462974006557,-0.12180851642067536
